[
  {
    "nome_do_post": "O que é uma Pegada Ecológica?",
    "link_imagem": "https://i.imgur.com/vcTlUEe.png",
    "data": "22-04-2023",
    "link_post": "https://www.instagram.com/p/CrWLD0_J3FJ/",
    "secao": "PROJETO 📁" 
  },
  {
    "nome_do_post": "Nossa História",
    "link_imagem": "https://i.imgur.com/xz7OxwS.png",
    "data": "26-04-2023",
    "link_post": "https://www.instagram.com/p/CrhAsdPMLAD/",
    "secao": "PROJETO 📁" 
  },
  {
    "nome_do_post": "Codigo Aberto",
    "link_imagem": "https://i.imgur.com/ctPY8Er.png",
    "data": "03-05-2023",
    "link_post": "https://www.instagram.com/p/CrzKL-8MDXq/",
    "secao": "PROGRAMAÇÃO DO SITE  🖥️ " 
  },
  {
    "nome_do_post": "Biocapacidade",
    "link_imagem": "https://i.imgur.com/FRlM5uL.png",
    "data": "05-05-2023",
    "link_post": "https://www.instagram.com/p/Cr4Luetuv8x/",
    "secao": "ECOLOGIA 🍀" 
  },
  {
    "nome_do_post": "Tela Resultado",
    "link_imagem": "https://i.imgur.com/I1wBgkG.png",
    "data": "07-05-2023",
    "link_post": "https://www.instagram.com/p/Cr9jes7MjWB/",
    "secao": "PROJETO 📁" 
  },
  {
    "nome_do_post": "Responsividade",
    "link_imagem": "https://i.imgur.com/XQWNXRU.png",
    "data": "09-05-2023",
    "link_post": "https://www.instagram.com/p/CsCs_4YM2st/",
    "secao": "PROGRAMAÇÃO DO SITE  🖥️ " 
  },
  {
    "nome_do_post": "Ilha de Lixo do Pacífico",
    "link_imagem": "https://i.imgur.com/JzftGF9.png",
    "data": "10-05-2023",
    "link_post": "https://www.instagram.com/p/CsFJhWRsm1r/",
    "secao": "ECOLOGIA 🍀" 
  },
  {
    "nome_do_post": "Mãe Natureza (especial dia das mães)",
    "link_imagem": "https://i.imgur.com/1y38ZYs.png",
    "data": "14-05-2023",
    "link_post": "https://www.instagram.com/p/CsOfSgkM-cL/",
    "secao": "ESPECIAIS ✨" 
  },
  {
    "nome_do_post": "Sobre Quiz",
    "link_imagem": "https://i.imgur.com/yH2H5Td.png",
    "data": "17-05-2023",
    "link_post": "https://www.instagram.com/p/CsXGQAzMAK2/",
    "secao": "PROJETO 📁" 
  },
  {
    "nome_do_post": "Relógio Juizo Final",
    "link_imagem": "https://i.imgur.com/4ktIx9E.png",
    "data": "20-05-2023",
    "link_post": "https://www.instagram.com/p/CsfFeCLsQeX/",
    "secao": "ECOLOGIA 🍀" 
  },
  {
    "nome_do_post": "Reciclagem",
    "link_imagem": "https://i.imgur.com/IqEYpqZ.png",
    "data": "24-05-2023",
    "link_post": "https://www.instagram.com/p/CspHqCCsDfY/",
    "secao": "ECOLOGIA 🍀" 
  },
  {
    "nome_do_post": "Efeito Estufa",
    "link_imagem": "https://i.imgur.com/S36gscn.png",
    "data": "30-05-2023",
    "link_post": "https://www.instagram.com/p/Cs4xNdhs2y6/",
    "secao": "ECOLOGIA 🍀" 
  },
  {
    "nome_do_post": "O que é Maná? (especial corpus christ)",
    "link_imagem": "https://i.imgur.com/fkWQgKn.png",
    "data": "08-06-2023",
    "link_post": "https://www.instagram.com/p/CtPGCbCu62H/",
    "secao": "ESPECIAIS ✨" 
  },
  {
    "nome_do_post": "Lealdade Humano X Animal (especial dia dos namorados)",
    "link_imagem": "https://i.imgur.com/OSsG1DX.png",
    "data": "12-06-2023",
    "link_post": "https://www.instagram.com/p/CtZXTHjOCOs/",
    "secao": "ESPECIAIS ✨" 
  },
  {
    "nome_do_post": "Sites Interativos",
    "link_imagem": "https://i.imgur.com/R49wF8h.png",
    "data": "14-06-2023",
    "link_post": "https://www.instagram.com/p/CtfJVKsOmXP/",
    "secao": "PROGRAMAÇÃO DO SITE  🖥️ " 
  },
  {
    "nome_do_post": "Energia Nuclear",
    "link_imagem": "https://i.imgur.com/DXx5DVA.png",
    "data": "20-06-2023",
    "link_post": "https://www.instagram.com/p/Ctu2lyEsROh/",
    "secao": "ECOLOGIA 🍀" 
  },
  {
    "nome_do_post": "Formação de um Arco-Íris (especial dia do orgulho lgbt)",
    "link_imagem": "https://i.imgur.com/jtkdj6T.png",
    "data": "28-06-2023",
    "link_post": "https://www.instagram.com/p/CuDg_4Ds44V/",
    "secao": "ESPECIAIS ✨" 
  }
]